time,from,to,size
1,1,2,0.26373
1,2,0,0.26373